<keymap version="1" name="macOS-applepie1130" parent="Mac OS X 10.5+">
  <action id="$Cut">
    <keyboard-shortcut first-keystroke="meta d" />
    <keyboard-shortcut first-keystroke="meta x" />
  </action>
  <action id="ActivateFindToolWindow" />
  <action id="ActivateProjectToolWindow" />
  <action id="ChangesView.Diff" />
  <action id="ChangesView.Move" />
  <action id="CheckinProject" />
  <action id="CommentByBlockComment">
    <keyboard-shortcut first-keystroke="meta alt slash" />
  </action>
  <action id="CompareTwoFiles" />
  <action id="CopyElement" />
  <action id="Diff.ApplyLeftSide" />
  <action id="Diff.ApplyRightSide" />
  <action id="Diff.NextChange">
    <keyboard-shortcut first-keystroke="shift meta close_bracket" />
  </action>
  <action id="Diff.PrevChange">
    <keyboard-shortcut first-keystroke="shift meta open_bracket" />
  </action>
  <action id="Diff.ShowDiff" />
  <action id="DuplicatesForm.SendToLeft" />
  <action id="EditSource">
    <keyboard-shortcut first-keystroke="f4" />
  </action>
  <action id="Editor Cut">
    <keyboard-shortcut first-keystroke="meta d" />
    <keyboard-shortcut first-keystroke="meta x" />
  </action>
  <action id="EditorDuplicate" />
  <action id="EditorLineEnd">
    <keyboard-shortcut first-keystroke="meta right" />
    <keyboard-shortcut first-keystroke="ctrl e" />
  </action>
  <action id="EditorLineStart">
    <keyboard-shortcut first-keystroke="meta left" />
    <keyboard-shortcut first-keystroke="ctrl a" />
  </action>
  <action id="EditorLookupDown" />
  <action id="EditorLookupUp" />
  <action id="EditorTextEnd">
    <keyboard-shortcut first-keystroke="meta down" />
  </action>
  <action id="EditorTextStart">
    <keyboard-shortcut first-keystroke="meta up" />
  </action>
  <action id="FileChooser.GotoDesktop" />
  <action id="FileChooser.GotoHome" />
  <action id="FileChooser.GotoModule" />
  <action id="Find" />
  <action id="FindUsages">
    <keyboard-shortcut first-keystroke="alt f7" />
    <keyboard-shortcut first-keystroke="meta alt h" />
  </action>
  <action id="GotoAction" />
  <action id="GotoChangedFile" />
  <action id="GotoClass">
    <keyboard-shortcut first-keystroke="shift meta t" />
  </action>
  <action id="GotoFile">
    <keyboard-shortcut first-keystroke="shift meta r" />
  </action>
  <action id="GotoTest" />
  <action id="GuiDesigner.Duplicate" />
  <action id="HideAllWindows">
    <keyboard-shortcut first-keystroke="shift meta f12" />
    <keyboard-shortcut first-keystroke="ctrl meta m" />
  </action>
  <action id="MethodDown" />
  <action id="MethodUp" />
  <action id="NextEditorTab" />
  <action id="NextTab" />
  <action id="OptimizeImports">
    <keyboard-shortcut first-keystroke="ctrl alt o" />
    <keyboard-shortcut first-keystroke="shift meta o" />
  </action>
  <action id="PreviousEditorTab" />
  <action id="PreviousTab" />
  <action id="Refresh" />
  <action id="Replace">
    <keyboard-shortcut first-keystroke="meta r" />
    <keyboard-shortcut first-keystroke="meta f" />
  </action>
  <action id="ReplaceInPath" />
  <action id="Rerun" />
  <action id="ResourceExplorer.show" />
  <action id="RestoreDefaultLayout" />
  <action id="RunDashboard.CopyConfiguration" />
  <action id="SearchEverywhere">
    <keyboard-shortcut first-keystroke="meta 3" />
  </action>
  <action id="SearchEverywhere.NavigateToNextGroup" />
  <action id="SearchEverywhere.NavigateToPrevGroup" />
  <action id="SendEOF" />
  <action id="ServiceView.ShowServices" />
  <action id="ShowContent" />
  <action id="ShowIntentionActions">
    <keyboard-shortcut first-keystroke="meta 1" />
  </action>
  <action id="ShowNavBar">
    <keyboard-shortcut first-keystroke="alt home" />
  </action>
  <action id="SynchronizeCurrentFile">
    <keyboard-shortcut first-keystroke="f5" />
  </action>
  <action id="Vcs.Log.GoToRef" />
  <action id="Vcs.MoveChangedLinesToChangelist" />
  <action id="XDebugger.CopyWatch" />
  <action id="openAssertEqualsDiff" />
</keymap>